unity_time,python_time,latency_ms,fps,num_hands,num_joints
11.338761,72768.341525,-72757002.76,0.09,1,21
11.379484,72768.415752,-72757036.27,24.56,1,21
11.421568,72768.459218,-72757037.65,23.76,1,21
11.463916,72768.501285,-72757037.37,23.61,1,21
11.508459,72768.543600,-72757035.14,22.45,1,21
11.552891,72768.588286,-72757035.40,22.51,1,21
11.599542,72768.632682,-72757033.14,21.44,1,21
11.643635,72768.679327,-72757035.69,22.68,1,21
11.686103,72768.723423,-72757037.32,23.55,1,21
11.745774,72768.765990,-72757020.22,16.76,1,21
11.802894,72768.825725,-72757022.83,17.51,1,21
11.861027,72768.882656,-72757021.63,17.20,1,21
11.917862,72768.940756,-72757022.89,17.60,1,21
11.973995,72768.997632,-72757023.64,17.81,1,21
12.024752,72769.053860,-72757029.11,19.70,1,21
12.082089,72769.104911,-72757022.82,17.44,1,21
12.136655,72769.161895,-72757025.24,18.33,1,21
12.193416,72769.216577,-72757023.16,17.62,1,21
12.247155,72769.273177,-72757026.02,18.61,1,21
12.302187,72769.327027,-72757024.84,18.17,1,21
12.355349,72769.381926,-72757026.58,18.81,1,21
12.410015,72769.435182,-72757025.17,18.29,1,21
12.462277,72769.489894,-72757027.62,19.13,1,21
12.514284,72769.542024,-72757027.74,19.23,1,21
12.568845,72769.593989,-72757025.14,18.33,1,21
12.618607,72769.648574,-72757029.97,20.10,1,21
12.668403,72769.698263,-72757029.86,20.08,1,21
12.722235,72769.748278,-72757026.04,18.58,1,21
12.778378,72769.802000,-72757023.62,17.81,1,21
12.830198,72769.858436,-72757028.24,19.30,1,21
12.887864,72769.910421,-72757022.56,17.34,1,21
12.946864,72769.967564,-72757020.70,16.95,1,21
12.999422,72770.026726,-72757027.30,19.03,1,21
13.055441,72770.079611,-72757024.17,17.85,1,21
13.107510,72770.135284,-72757027.77,19.21,1,21
13.161227,72770.187326,-72757026.10,18.62,1,21
13.217740,72770.241137,-72757023.40,17.70,1,21
13.276338,72770.297738,-72757021.40,17.07,1,21
13.338208,72770.356255,-72757018.05,16.16,1,21
13.402780,72770.418200,-72757015.42,15.49,1,21
13.462970,72770.482835,-72757019.86,16.61,1,21
13.533061,72770.543034,-72757009.97,14.27,1,21
13.592948,72770.612935,-72757019.99,16.70,1,21
13.653603,72770.672950,-72757019.35,16.49,1,21
13.715447,72770.734032,-72757018.59,16.17,1,21
13.777558,72770.795663,-72757018.11,16.10,1,21
13.836742,72770.857541,-72757020.80,16.90,1,21
13.903721,72770.916931,-72757013.21,14.93,1,21
13.965819,72770.983853,-72757018.03,16.10,1,21
14.025711,72771.045955,-72757020.24,16.70,1,21
14.089689,72771.105640,-72757015.95,15.63,1,21
14.155868,72771.170000,-72757014.13,15.11,1,21
14.220398,72771.236081,-72757015.68,15.50,1,21
14.286561,72771.300523,-72757013.96,15.11,1,21
14.350817,72771.366523,-72757015.71,15.56,1,21
14.415752,72771.430816,-72757015.06,15.40,1,21
14.483545,72771.495825,-72757012.28,14.75,1,21
14.548442,72771.563858,-72757015.42,15.41,1,21
14.611849,72771.628599,-72757016.75,15.77,1,21
14.676866,72771.692134,-72757015.27,15.38,1,21
14.740760,72771.757341,-72757016.58,15.65,1,21
14.807811,72771.821071,-72757013.26,14.91,1,21
14.875672,72771.887952,-72757012.28,14.74,1,21
14.944742,72771.955730,-72757010.99,14.48,1,21
15.009072,72772.024854,-72757015.78,15.54,1,21
15.074520,72772.089359,-72757014.84,15.28,1,21
15.138607,72772.154711,-72757016.10,15.60,1,21
15.206342,72772.218507,-72757012.17,14.76,1,21
15.272039,72772.286559,-72757014.52,15.22,1,21
15.330744,72772.351923,-72757021.18,17.03,1,21
15.385680,72772.410579,-72757024.90,18.20,1,21
15.440759,72772.465432,-72757024.67,18.16,1,21
15.499583,72772.520558,-72757020.98,17.00,1,21
15.562177,72772.579538,-72757017.36,15.98,1,21
15.616109,72772.642036,-72757025.93,18.54,1,21
15.669486,72772.695972,-72757026.49,18.73,1,21
15.723399,72772.749446,-72757026.05,18.55,1,21
15.778284,72772.803673,-72757025.39,18.22,1,21
15.833723,72772.858160,-72757024.44,18.04,1,21
15.887989,72772.913619,-72757025.63,18.43,1,21
15.943141,72772.967847,-72757024.71,18.13,1,21
15.998085,72773.023084,-72757025.00,18.20,1,21
16.050278,72773.077844,-72757027.57,19.16,1,21
16.102113,72773.130129,-72757028.02,19.29,1,21
16.159448,72773.182031,-72757022.58,17.44,1,21
16.216737,72773.239272,-72757022.53,17.46,1,21
16.275893,72773.296544,-72757020.65,16.90,1,21
16.334088,72773.355882,-72757021.79,17.18,1,21
16.393143,72773.413900,-72757020.76,16.93,1,21
16.446777,72773.473214,-72757026.44,18.64,1,21
16.503580,72773.526800,-72757023.22,17.60,1,21
16.560895,72773.583435,-72757022.54,17.45,1,21
16.616763,72773.640583,-72757023.82,17.90,1,21
16.668482,72773.696603,-72757028.12,19.34,1,21
16.721842,72773.748380,-72757026.54,18.74,1,21
16.778961,72773.801615,-72757022.65,17.51,1,21
16.835183,72773.858796,-72757023.61,17.79,1,21
16.890608,72773.914905,-72757024.30,18.04,1,21
16.945431,72773.970578,-72757025.15,18.24,1,21
17.002284,72774.025203,-72757022.92,17.59,1,21
17.058852,72774.082090,-72757023.24,17.68,1,21
17.115206,72774.138803,-72757023.60,17.75,1,21
17.169385,72774.195310,-72757025.93,18.46,1,21
17.228374,72774.249228,-72757020.85,16.95,1,21
17.281499,72774.308184,-72757026.69,18.82,1,21
17.337110,72774.361416,-72757024.31,17.98,1,21
17.387312,72774.417028,-72757029.72,19.92,1,21
17.444985,72774.467173,-72757022.19,17.34,1,21
17.505100,72774.525067,-72757019.97,16.63,1,21
17.561913,72774.585049,-72757023.14,17.60,1,21
17.618133,72774.641868,-72757023.74,17.79,1,21
17.675658,72774.698016,-72757022.36,17.38,1,21
17.732710,72774.755798,-72757023.09,17.53,1,21
17.789746,72774.812719,-72757022.97,17.53,1,21
17.846438,72774.869756,-72757023.32,17.64,1,21
17.903478,72774.926767,-72757023.29,17.53,1,21
17.961464,72774.983386,-72757021.92,17.25,1,21
18.016544,72775.041427,-72757024.88,18.16,1,21
18.070914,72775.096409,-72757025.50,18.39,1,21
18.127060,72775.150862,-72757023.80,17.81,1,21
18.183707,72775.206993,-72757023.29,17.65,1,21
18.236153,72775.263506,-72757027.35,19.07,1,21
18.291180,72775.316076,-72757024.90,18.17,1,21
18.348613,72775.371300,-72757022.69,17.41,1,21
18.405142,72775.428351,-72757023.21,17.69,1,21
18.459305,72775.485072,-72757025.77,18.46,1,21
18.511000,72775.539371,-72757028.37,19.34,1,21
18.570342,72775.591046,-72757020.70,16.85,1,21
18.626796,72775.650288,-72757023.49,17.71,1,21
18.686028,72775.706818,-72757020.79,16.88,1,21
18.739146,72775.765842,-72757026.70,18.83,1,21
18.802577,72775.819203,-72757016.63,15.77,1,21
18.868276,72775.882392,-72757014.12,15.22,1,21
18.923841,72775.947997,-72757024.16,18.00,1,21
18.981803,72776.003687,-72757021.88,17.25,1,21
19.036365,72776.061426,-72757025.06,18.33,1,21
19.087367,72776.116085,-72757028.72,19.61,1,21
19.144506,72776.167298,-72757022.79,17.50,1,21
19.201959,72776.224229,-72757022.27,17.41,1,21
19.254219,72776.281965,-72757027.75,19.13,1,21
19.311112,72776.334126,-72757023.01,17.58,1,21
19.367120,72776.391096,-72757023.98,17.85,1,21
19.422826,72776.447151,-72757024.33,17.95,1,21
19.476072,72776.502577,-72757026.50,18.78,1,21
19.527984,72776.555996,-72757028.01,19.26,1,21
19.578382,72776.607855,-72757029.47,19.84,1,21
19.630445,72776.658167,-72757027.72,19.21,1,21
19.684557,72776.710400,-72757025.84,18.48,1,21
19.738831,72776.764422,-72757025.59,18.43,1,21
19.791554,72776.818876,-72757027.32,18.97,1,21
19.861863,72776.871592,-72757009.73,14.22,1,21
19.925495,72776.937520,-72757012.03,15.72,1,21
19.984481,72777.005195,-72757020.71,16.95,1,21
20.048508,72777.064009,-72757015.50,15.62,1,21
20.118091,72777.128200,-72757010.11,14.37,1,21
20.186859,72777.197723,-72757010.86,14.54,1,21
20.243661,72777.266559,-72757022.90,17.60,1,21
20.296874,72777.323314,-72757026.44,18.79,1,21
20.350775,72777.376604,-72757025.83,18.55,1,21
20.404686,72777.430508,-72757025.82,18.55,1,21
20.459540,72777.484194,-72757024.65,18.23,1,21
20.516961,72777.539136,-72757022.17,17.42,1,21
20.572922,72777.596536,-72757023.61,17.87,1,21
20.632599,72777.652482,-72757019.88,16.76,1,21
20.685325,72777.712439,-72757027.11,18.97,1,21
20.740394,72777.764982,-72757024.59,18.16,1,21
20.793516,72777.820272,-72757026.76,18.82,1,21
20.849055,72777.873422,-72757024.37,18.01,1,21
20.900407,72777.928713,-72757028.31,19.47,1,21
20.951397,72777.979916,-72757028.52,19.61,1,21
21.003110,72778.030993,-72757027.88,19.34,1,21
21.053227,72778.082723,-72757029.50,19.95,1,21
21.108851,72778.132700,-72757023.85,17.98,1,21
21.162291,72778.188667,-72757026.38,18.71,1,21
21.214700,72778.241935,-72757027.24,19.08,1,21
21.266290,72778.294208,-72757027.92,19.38,1,21
21.314969,72778.345894,-72757030.93,20.54,1,21
21.365931,72778.394647,-72757028.72,19.62,1,21
21.421530,72778.445509,-72757023.98,17.99,1,21
21.473360,72778.501096,-72757027.74,19.29,1,21
21.536055,72778.553116,-72757017.06,15.95,1,21
21.587236,72778.615736,-72757028.50,19.54,1,21
21.648139,72778.666934,-72757018.80,16.42,1,21
21.702442,72778.727993,-72757025.55,18.41,1,21
21.753249,72778.782164,-72757028.91,19.68,1,21
21.803198,72778.832998,-72757029.80,20.02,1,21
21.857146,72778.882839,-72757025.69,18.54,1,21
21.912715,72778.936746,-72757024.03,18.00,1,21
21.966059,72778.992572,-72757026.51,18.75,1,21
22.016595,72779.045619,-72757029.02,19.79,1,21
22.070741,72779.096218,-72757025.48,18.47,1,21
22.123901,72779.150575,-72757026.67,18.81,1,21
22.180093,72779.203608,-72757023.52,17.80,1,21
22.234195,72779.259805,-72757025.61,18.48,1,21
22.286670,72779.313839,-72757027.17,19.06,1,21
22.340899,72779.366284,-72757025.39,18.44,1,21
22.394431,72779.420460,-72757026.03,18.68,1,21
22.447300,72779.473979,-72757026.68,18.91,1,21
22.502522,72779.527147,-72757024.62,18.11,1,21
22.555229,72779.582113,-72757026.88,18.97,1,21
22.613135,72779.634790,-72757021.66,17.27,1,21
22.671992,72779.692906,-72757020.91,16.99,1,21
22.722656,72779.751499,-72757028.84,19.74,1,21
22.778202,72779.802299,-72757024.10,18.00,1,21
22.830115,72779.857827,-72757027.71,19.26,1,21
22.882879,72779.909638,-72757026.76,18.95,1,21
22.936395,72779.962470,-72757026.07,18.69,1,21
22.985540,72780.016058,-72757030.52,20.35,1,21
23.039426,72780.065130,-72757025.70,18.56,1,21
23.092124,72780.118972,-72757026.85,18.98,1,21
23.149416,72780.171812,-72757022.40,17.45,1,21
23.201985,72780.229235,-72757027.25,19.02,1,21
23.258976,72780.281550,-72757022.57,17.55,1,21
23.309905,72780.338656,-72757028.75,19.64,1,21
23.362419,72780.389492,-72757027.07,19.04,1,21
23.415593,72780.442202,-72757026.61,18.81,1,21
23.469757,72780.495301,-72757025.54,18.46,1,21
23.523361,72780.549427,-72757026.07,18.66,1,21
23.576063,72780.602895,-72757026.83,18.97,1,21
23.629767,72780.655701,-72757025.93,18.62,1,21
23.684688,72780.709416,-72757024.73,18.21,1,21
23.737400,72780.764253,-72757026.85,18.97,1,21
23.787064,72780.816979,-72757029.91,20.14,1,21
23.841157,72780.866681,-72757025.52,18.49,1,21
23.902235,72780.920734,-72757018.50,16.37,1,21
23.958413,72780.981885,-72757023.47,17.80,1,21
24.011537,72781.038140,-72757026.60,18.82,1,21
24.066873,72781.091315,-72757024.44,18.07,1,21
24.118244,72781.146392,-72757028.15,19.47,1,21
24.170193,72781.197937,-72757027.74,19.25,1,21
24.218658,72781.249748,-72757031.09,20.63,1,21
24.272360,72781.298348,-72757025.99,18.62,1,21
24.322351,72781.351919,-72757029.57,20.00,1,21
24.378262,72781.401968,-72757023.71,17.89,1,21
24.430666,72781.457863,-72757027.20,19.08,1,21
24.482448,72781.510204,-72757027.76,19.31,1,21
24.537307,72781.562031,-72757024.72,18.23,1,21
24.592000,72781.616972,-72757024.97,18.28,1,21
24.646625,72781.671564,-72757024.94,18.31,1,21
24.701111,72781.726574,-72757025.46,18.35,1,21
24.758878,72781.781052,-72757022.17,17.31,1,21
24.816347,72781.838624,-72757022.28,17.40,1,21
24.872165,72781.896125,-72757023.96,17.92,1,21
24.922661,72781.951742,-72757029.08,19.80,1,21
24.977280,72782.002232,-72757024.95,18.31,1,21
25.030864,72782.057106,-72757026.24,18.66,1,21
25.085073,72782.110737,-72757025.66,18.45,1,21
25.142404,72782.164590,-72757022.19,17.44,1,21
25.194498,72782.222078,-72757027.58,19.20,1,21
25.249214,72782.274001,-72757024.79,18.28,1,21
25.302414,72782.328777,-72757026.36,18.80,1,21
25.357033,72782.381904,-72757024.87,18.31,1,21
25.414123,72782.436767,-72757022.64,17.52,1,21
25.465939,72782.493637,-72757027.70,19.30,1,21
25.517468,72782.545482,-72757028.01,19.41,1,21
25.574844,72782.597022,-72757022.18,17.43,1,21
25.629562,72782.654489,-72757024.93,18.28,1,21
25.687528,72782.709414,-72757021.89,17.25,1,21
25.740141,72782.767137,-72757027.00,19.01,1,21
25.793247,72782.819758,-72757026.51,18.83,1,21
25.843383,72782.872769,-72757029.39,19.95,1,21
25.901236,72782.923105,-72757021.87,17.29,1,21
25.954880,72782.980801,-72757025.92,18.64,1,21
26.005955,72783.034501,-72757028.55,19.58,1,21
26.059159,72783.085477,-72757026.32,18.80,1,21
26.116844,72783.138912,-72757022.07,17.34,1,21
26.170627,72783.196401,-72757025.77,18.59,1,21
26.222819,72783.250249,-72757027.43,19.16,1,21
26.279237,72783.302420,-72757023.18,17.72,1,21
26.331194,72783.359009,-72757027.81,19.25,1,21
26.384175,72783.411155,-72757026.98,18.87,1,21
26.435583,72783.463683,-72757028.10,19.45,1,21
26.489405,72783.515165,-72757025.76,18.58,1,21
26.539279,72783.569056,-72757029.78,20.05,1,21
26.594878,72783.618853,-72757023.97,17.99,1,21
26.648800,72783.674666,-72757025.87,18.55,1,21
26.699999,72783.728486,-72757028.49,19.53,1,21
26.751929,72783.779567,-72757027.64,19.26,1,21
26.801826,72783.831680,-72757029.85,20.04,1,21
26.855058,72783.881408,-72757026.35,18.79,1,21
26.908534,72783.934634,-72757026.10,18.70,1,21
26.964745,72783.988129,-72757023.38,17.79,1,21
27.020344,72784.044676,-72757024.33,17.99,1,21
27.077997,72784.099872,-72757021.88,17.35,1,21
27.132818,72784.157558,-72757024.74,18.24,1,21
27.188608,72784.212579,-72757023.97,17.92,1,21
27.244834,72784.268259,-72757023.42,17.79,1,21
27.299520,72784.324523,-72757025.00,18.29,1,21
27.348882,72784.379023,-72757030.14,20.26,1,21
27.404736,72784.428597,-72757023.86,17.90,1,21
27.457776,72784.482531,-72757024.76,18.85,1,21
27.516026,72784.537519,-72757021.49,17.17,1,21
27.575928,72784.595620,-72757019.69,16.69,1,21
27.641841,72784.655831,-72757013.99,15.17,1,21
27.701292,72784.721577,-72757020.28,16.82,1,21
27.761732,72784.780872,-72757019.14,16.55,1,21
27.828907,72784.841449,-72757012.54,14.89,1,21
27.893897,72784.908658,-72757014.76,15.39,1,21
27.952913,72784.973778,-72757020.87,16.94,1,21
28.008352,72785.032389,-72757024.04,18.04,1,21
28.062349,72785.088112,-72757025.76,18.52,1,21
28.113365,72785.141898,-72757028.53,19.60,1,21
28.166326,72785.192448,-72757026.12,18.88,1,21
28.218178,72785.245904,-72757027.73,19.29,1,21
28.269291,72785.297763,-72757028.47,19.56,1,21
28.321050,72785.348851,-72757027.80,19.32,1,21
28.373227,72785.400574,-72757027.35,19.17,1,21
28.428756,72785.452885,-72757024.13,18.01,1,21
28.478179,72785.508262,-72757030.08,20.23,1,21
28.530349,72785.558064,-72757027.71,19.17,1,21
28.584566,72785.609866,-72757025.30,18.44,1,21
28.638493,72785.664057,-72757025.56,18.54,1,21
28.700139,72785.718069,-72757017.93,16.22,1,21
28.753982,72785.779787,-72757025.81,18.57,1,21
28.804714,72785.833615,-72757028.90,19.71,1,21
28.859513,72785.884297,-72757024.78,18.25,1,21
28.913166,72785.939067,-72757025.90,18.64,1,21
28.968136,72785.993100,-72757024.96,18.19,1,21
29.021293,72786.047862,-72757026.57,18.81,1,21
29.075776,72786.100792,-72757025.02,18.35,1,21
29.129468,72786.155494,-72757026.03,18.62,1,21
29.182967,72786.209123,-72757026.16,18.69,1,21
29.236010,72786.262676,-72757026.67,18.85,1,21
29.289105,72786.315525,-72757026.42,18.83,1,21
29.341600,72786.368717,-72757027.12,19.05,1,21
29.397070,72786.421315,-72757024.25,18.03,1,21
29.452807,72786.476650,-72757023.84,17.94,1,21
29.506165,72786.532424,-72757026.26,18.74,1,21
29.558447,72786.585782,-72757027.33,19.13,1,21
29.612729,72786.638139,-72757025.41,18.42,1,21
29.669856,72786.692395,-72757022.54,17.50,1,21
29.727967,72786.749445,-72757021.48,17.21,1,21
29.782336,72786.807823,-72757025.49,18.39,1,21
29.836913,72786.861898,-72757024.98,18.32,1,21
29.886109,72786.916499,-72757030.39,20.33,1,21
29.942823,72786.965712,-72757022.89,17.63,1,21
29.993576,72787.022467,-72757028.89,19.70,1,21
30.044973,72787.073409,-72757028.44,19.46,1,21
30.095973,72787.124483,-72757028.51,19.61,1,21
30.151981,72787.175569,-72757023.59,17.85,1,21
30.206335,72787.231739,-72757025.40,18.40,1,21
30.259187,72787.286319,-72757027.13,18.92,1,21
30.314749,72787.338687,-72757023.94,18.00,1,21
30.366265,72787.394424,-72757028.16,19.41,1,21
30.417712,72787.445830,-72757028.12,19.44,1,21
30.475882,72787.497325,-72757021.44,17.19,1,21
30.533365,72787.555704,-72757022.34,17.40,1,21
30.585490,72787.612837,-72757027.35,19.18,1,21
30.637340,72787.665178,-72757027.84,19.29,1,21
30.690829,72787.716904,-72757026.08,18.70,1,21
30.745352,72787.770342,-72757024.99,18.34,1,21
30.800111,72787.825067,-72757024.96,18.26,1,21
30.851432,72787.879610,-72757028.18,19.49,1,21
30.903171,72787.931016,-72757027.85,19.33,1,21
30.957683,72787.982918,-72757025.24,18.34,1,21
31.014100,72788.037256,-72757023.16,17.73,1,21
31.064440,72788.093666,-72757029.23,19.86,1,21
31.118747,72788.144099,-72757025.35,18.41,1,21
31.172515,72788.198343,-72757025.83,18.60,1,21
31.223808,72788.252155,-72757028.35,19.50,1,21
31.276637,72788.303723,-72757027.09,18.93,1,21
31.333282,72788.356183,-72757022.90,17.65,1,21
31.381303,72788.409673,-72757028.37,20.82,1,21
31.431644,72788.461009,-72757029.37,19.86,1,21
31.487098,72788.511313,-72757024.21,18.03,1,21
31.541190,72788.566624,-72757025.43,18.49,1,21
31.591160,72788.620942,-72757029.78,20.01,1,21
31.647094,72788.670842,-72757023.75,17.88,1,21
31.701688,72788.727063,-72757025.38,18.32,1,21
31.753178,72788.781351,-72757028.17,19.42,1,21
31.806814,72788.832983,-72757026.17,18.64,1,21
31.857931,72788.886445,-72757028.51,19.56,1,21
31.909834,72788.937458,-72757027.62,19.27,1,21
31.961305,72788.989575,-72757028.27,19.43,1,21
32.011785,72789.041032,-72757029.25,19.81,1,21
32.066009,72789.091385,-72757025.38,18.44,1,21
32.119225,72789.145670,-72757026.44,18.79,1,21
32.174994,72789.198791,-72757023.80,17.93,1,21
32.238258,72789.254714,-72757016.46,15.81,1,21
32.289749,72789.317902,-72757028.15,19.42,1,21
32.346818,72789.369444,-72757022.63,17.52,1,21
32.403356,72789.426465,-72757023.11,17.69,1,21
32.456393,72789.483027,-72757026.63,18.85,1,21
32.505642,72789.536073,-72757030.43,20.31,1,21
32.559710,72789.585236,-72757025.53,18.50,1,21
32.617001,72789.639320,-72757022.32,17.45,1,21
32.671701,72789.696775,-72757025.07,18.28,1,21
32.719959,72789.751321,-72757031.36,20.72,1,21
32.774057,72789.799541,-72757025.48,18.49,1,21
32.824057,72789.853856,-72757029.80,20.00,1,21
32.881989,72789.903898,-72757021.91,17.26,1,21
32.939568,72789.961828,-72757022.26,17.37,1,21
32.995331,72790.019135,-72757023.80,17.93,1,21
33.051983,72790.075049,-72757023.07,17.65,1,21
33.101617,72790.131707,-72757030.09,20.15,1,21
33.151660,72790.181310,-72757029.65,19.98,1,21
33.205224,72790.231283,-72757026.06,18.67,1,21
33.258050,72790.284767,-72757026.72,18.93,1,21
33.312636,72790.337787,-72757025.15,18.32,1,21
33.364233,72790.392402,-72757028.17,19.38,1,21
33.416806,72790.443792,-72757026.99,19.02,1,21
33.469472,72790.496344,-72757026.87,18.99,1,21
33.520686,72790.549094,-72757028.41,19.53,1,21
33.572352,72790.600551,-72757028.20,19.36,1,21
33.624786,72790.651915,-72757027.13,19.07,1,21
33.678081,72790.704481,-72757026.40,18.76,1,21
33.733247,72790.757790,-72757024.54,18.13,1,21
33.788435,72790.812943,-72757024.51,18.12,1,21
33.838138,72790.867989,-72757029.85,20.12,1,21
33.895303,72790.917785,-72757022.48,17.49,1,21
33.947519,72790.974911,-72757027.39,19.15,1,21
34.001892,72791.027084,-72757025.19,18.39,1,21
34.053728,72791.081576,-72757027.85,19.29,1,21
34.106480,72791.133381,-72757026.90,18.96,1,21
34.161446,72791.186135,-72757024.69,18.19,1,21
34.214617,72791.241058,-72757026.44,18.81,1,21
34.269067,72791.294226,-72757025.16,18.37,1,21
34.322244,72791.348682,-72757026.44,18.81,1,21
34.372957,72791.401774,-72757028.82,19.72,1,21
34.423347,72791.452670,-72757029.32,19.85,1,21
34.476736,72791.503087,-72757026.35,18.73,1,21
34.528375,72791.556545,-72757028.17,19.37,1,21
34.580773,72791.607881,-72757027.11,19.08,1,21
34.610561,72791.660352,-72757049.79,33.57,0,0
34.640795,72791.690379,-72757049.58,33.08,0,0
34.669128,72791.720561,-72757051.43,35.29,0,0
34.718245,72791.748872,-72757030.63,20.36,1,21
34.775591,72791.797831,-72757022.24,17.44,1,21
34.830511,72791.855169,-72757024.66,18.21,1,21
34.886722,72791.910239,-72757023.52,17.79,1,21
34.942506,72791.966294,-72757023.79,17.93,1,21
35.004421,72792.022211,-72757017.79,16.15,1,21
35.062255,72792.084186,-72757021.93,17.29,1,21
35.118721,72792.141841,-72757023.12,17.71,1,21
35.170804,72792.198322,-72757027.52,19.20,1,21
35.222172,72792.250388,-72757028.22,19.47,1,21
35.280247,72792.301828,-72757021.58,17.22,1,21
35.331949,72792.359841,-72757027.89,19.34,1,21
35.383471,72792.411689,-72757028.22,19.41,1,21
35.436803,72792.463017,-72757026.21,18.75,1,21
35.490063,72792.516269,-72757026.21,18.78,1,21
35.544161,72792.569724,-72757025.56,18.48,1,21
35.595806,72792.622534,-72757026.73,19.36,1,21
35.650292,72792.675454,-72757025.16,18.35,1,21
35.705592,72792.729830,-72757024.24,18.08,1,21
35.760046,72792.785240,-72757025.19,18.36,1,21
35.792546,72792.839687,-72757047.14,30.77,0,0
35.843918,72792.872471,-72757028.55,19.47,1,21
35.897338,72792.923711,-72757026.37,18.72,1,21
35.954267,72792.976875,-72757022.61,17.57,1,21
36.012124,72793.034083,-72757021.96,17.28,1,21
36.066201,72793.091867,-72757025.67,18.49,1,21
36.122734,72793.145777,-72757023.04,17.69,1,21
36.174068,72793.202369,-72757028.30,19.48,1,21
36.225151,72793.253722,-72757028.57,19.58,1,21
36.279406,72793.304916,-72757025.51,18.43,1,21
36.330661,72793.358944,-72757028.28,19.51,1,21
36.384565,72793.410183,-72757025.62,18.55,1,21
36.435627,72793.464184,-72757028.56,19.58,1,21
36.489882,72793.515250,-72757025.37,18.43,1,21
36.545503,72793.569492,-72757023.99,17.98,1,21
36.601961,72793.625159,-72757023.20,17.71,1,21
36.654240,72793.681501,-72757027.26,19.13,1,21
36.707519,72793.733882,-72757026.36,18.77,1,21
36.760928,72793.787151,-72757026.22,18.72,1,21
36.818106,72793.840527,-72757022.42,17.49,1,21
36.872239,72793.897624,-72757025.38,18.47,1,21
36.922655,72793.951953,-72757029.30,19.83,1,21
36.975616,72794.002200,-72757026.58,18.88,1,21
37.030261,72794.055294,-72757025.03,18.30,1,21
37.085571,72794.109819,-72757024.25,18.08,1,21
37.140145,72794.165205,-72757025.06,18.32,1,21
37.192939,72794.219743,-72757026.80,18.94,1,21
37.248127,72794.272736,-72757024.61,18.12,1,21
37.300635,72794.327652,-72757027.02,19.04,1,21
37.353441,72794.380210,-72757026.77,18.94,1,21
37.408779,72794.433097,-72757024.32,18.07,1,21
37.458565,72794.488382,-72757029.82,20.09,1,21
37.510503,72794.538275,-72757027.77,19.25,1,21
37.560393,72794.590191,-72757029.80,20.04,1,21
37.615248,72794.640270,-72757025.02,18.23,1,21
37.669938,72794.694884,-72757024.95,18.29,1,21
37.723334,72794.749577,-72757026.24,18.73,1,21
37.778067,72794.802854,-72757024.79,18.27,1,21
37.829645,72794.857735,-72757028.09,19.39,1,21
37.880264,72794.909158,-72757028.89,19.76,1,21
37.934825,72794.959894,-72757025.07,18.33,1,21
37.989771,72795.014360,-72757024.59,18.20,1,21
38.047116,72795.069477,-72757022.36,17.44,1,21
38.102551,72795.126901,-72757024.35,18.04,1,21
38.156319,72795.181447,-72757025.13,18.60,1,21
38.214397,72795.236176,-72757021.78,17.22,1,21
38.268227,72795.294239,-72757026.01,18.58,1,21
38.322934,72795.347770,-72757024.84,18.28,1,21
38.376249,72795.402540,-72757026.29,18.76,1,21
38.434051,72795.456089,-72757022.04,17.30,1,21
38.486911,72795.513665,-72757026.75,18.92,1,21
38.543054,72795.566516,-72757023.46,17.81,1,21
38.593781,72795.622654,-72757028.87,19.71,1,21
38.646967,72795.673455,-72757026.49,18.80,1,21
38.699454,72795.726737,-72757027.28,19.05,1,21
38.753540,72795.778974,-72757025.43,18.49,1,21
38.807133,72795.833221,-72757026.09,18.66,1,21
38.860610,72795.886794,-72757026.18,18.70,1,21
38.916479,72795.940421,-72757023.94,17.90,1,21
38.971418,72795.996025,-72757024.61,18.20,1,21
39.022364,72796.051102,-72757028.74,19.63,1,21
39.073720,72796.101959,-72757028.24,19.47,1,21
39.126777,72796.153424,-72757026.65,18.85,1,21
39.179391,72796.206513,-72757027.12,19.01,1,21
39.233766,72796.259233,-72757025.47,18.39,1,21
39.284664,72796.313336,-72757028.67,19.65,1,21
39.339236,72796.364350,-72757025.11,18.32,1,21
39.390237,72796.418843,-72757028.61,19.61,1,21
39.442072,72796.469867,-72757027.80,19.29,1,21
39.496265,72796.521787,-72757025.52,18.45,1,21
39.552513,72796.575923,-72757023.41,17.78,1,21
39.607763,72796.632097,-72757024.33,18.10,1,21
39.661328,72796.687349,-72757026.02,18.67,1,21
39.721694,72796.741060,-72757019.37,16.57,1,21
39.782479,72796.801445,-72757018.97,16.45,1,21
39.840313,72796.862456,-72757022.14,17.29,1,21
39.899510,72796.919905,-72757020.39,16.89,1,21
39.959352,72796.979053,-72757019.70,16.71,1,21
40.018893,72797.038935,-72757020.04,16.79,1,21
40.073683,72797.098608,-72757024.93,18.25,1,21
40.129801,72797.153565,-72757023.76,17.82,1,21
40.186885,72797.209415,-72757022.53,17.52,1,21
40.244126,72797.266489,-72757022.36,17.47,1,21
40.301210,72797.323856,-72757022.65,17.52,1,21
40.358286,72797.380832,-72757022.55,17.52,1,21
40.410448,72797.437823,-72757027.38,19.17,1,21
40.463195,72797.490069,-72757026.87,18.96,1,21
40.519923,72797.543002,-72757023.08,17.63,1,21
40.572730,72797.599604,-72757026.87,18.94,1,21
40.624956,72797.652320,-72757027.36,19.15,1,21
40.674761,72797.704560,-72757029.80,20.08,1,21
40.729258,72797.754342,-72757025.08,18.35,1,21
40.784895,72797.809069,-72757024.17,17.97,1,21
40.836578,72797.864452,-72757027.87,19.35,1,21
40.891527,72797.916375,-72757024.85,18.20,1,21
40.943517,72797.971271,-72757027.75,19.23,1,21
41.001284,72798.023338,-72757022.05,17.31,1,21
41.056669,72798.080917,-72757024.25,18.06,1,21
41.109485,72798.136204,-72757026.72,18.93,1,21
41.159926,72798.189092,-72757029.17,19.82,1,21
41.210213,72798.239441,-72757029.23,19.89,1,21
41.259842,72798.289849,-72757030.01,20.15,1,21
41.313976,72798.339537,-72757025.56,18.47,1,21
41.371902,72798.393651,-72757021.75,17.26,1,21
41.424007,72798.451457,-72757027.45,19.19,1,21
41.475374,72798.503496,-72757028.12,19.47,1,21
41.529908,72798.555131,-72757025.22,18.34,1,21
41.584877,72798.609732,-72757024.85,18.19,1,21
41.641222,72798.664371,-72757023.15,17.75,1,21
41.696291,72798.721049,-72757024.76,18.16,1,21
41.746629,72798.775938,-72757029.31,19.87,1,21
41.801854,72798.826184,-72757024.33,18.11,1,21
41.859727,72798.881652,-72757021.92,17.28,1,21
41.916230,72798.939440,-72757023.21,17.70,1,21
41.973553,72798.995843,-72757022.29,17.44,1,21
42.025839,72799.053261,-72757027.42,19.13,1,21
42.078326,72799.105509,-72757027.18,19.05,1,21
42.131942,72799.158005,-72757026.06,18.65,1,21
42.184740,72799.211799,-72757027.06,18.94,1,21
42.238306,72799.264323,-72757026.02,18.67,1,21
42.291739,72799.317910,-72757026.17,18.72,1,21
42.344284,72799.371296,-72757027.01,19.03,1,21
42.399711,72799.424061,-72757024.35,18.04,1,21
42.454692,72799.479248,-72757024.56,18.19,1,21
42.508183,72799.534523,-72757026.34,18.69,1,21
42.565073,72799.587904,-72757022.83,17.58,1,21
42.616255,72799.644649,-72757028.39,19.54,1,21
42.669392,72799.695907,-72757026.51,18.82,1,21
42.727285,72799.748953,-72757021.67,17.27,1,21
42.782214,72799.806892,-72757024.68,18.21,1,21
42.834468,72799.861751,-72757027.28,19.14,1,21
42.888944,72799.913997,-72757025.05,18.36,1,21
42.942312,72799.968465,-72757026.15,18.74,1,21
43.002625,72800.022028,-72757019.40,16.58,1,21
43.059108,72800.082308,-72757023.20,17.70,1,21
43.114422,72800.138845,-72757024.42,18.08,1,21
43.167364,72800.194267,-72757026.90,18.89,1,21
43.218752,72800.246883,-72757028.13,19.46,1,21
43.272793,72800.298402,-72757025.61,18.50,1,21
43.325165,72800.352429,-72757027.26,19.09,1,21
43.380282,72800.404776,-72757024.49,18.14,1,21
43.433282,72800.460074,-72757026.79,18.87,1,21
43.488536,72800.512815,-72757024.28,18.10,1,21
43.549475,72800.568086,-72757018.61,16.41,1,21
43.603119,72800.629098,-72757025.98,18.64,1,21
43.654923,72800.682684,-72757027.76,19.30,1,21
43.706939,72800.734451,-72757027.51,19.22,1,21
43.760688,72800.786532,-72757025.84,18.61,1,21
43.818535,72800.840254,-72757021.72,17.29,1,21
43.870096,72800.898146,-72757028.05,19.39,1,21
43.902292,72800.949655,-72757047.36,31.06,0,0
43.961091,72800.982005,-72757020.91,17.01,1,21
44.024694,72801.040837,-72757016.14,15.72,1,21
44.058271,72801.104291,-72757046.02,29.78,0,0
44.117007,72801.138497,-72757021.49,17.03,1,21
44.180019,72801.196838,-72757016.82,15.87,1,21
44.246682,72801.259616,-72757012.93,15.00,1,21
44.304564,72801.326312,-72757021.75,17.28,1,21
44.367897,72801.384363,-72757016.47,15.79,1,21
44.435222,72801.447592,-72757012.37,14.85,1,21
44.494136,72801.514754,-72757020.62,16.97,1,21
44.552855,72801.573956,-72757021.10,17.03,1,21
44.618610,72801.632437,-72757013.83,15.21,1,21
44.674848,72801.698436,-72757023.59,17.78,1,21
44.731614,72801.754388,-72757022.77,17.62,1,21
44.790836,72801.811539,-72757020.70,16.89,1,21
44.852070,72801.870364,-72757018.29,16.33,1,21
44.915228,72801.931849,-72757016.62,15.83,1,21
44.972338,72801.994989,-72757022.65,17.51,1,21
45.036089,72802.052176,-72757016.09,15.69,1,21
45.095551,72802.115995,-72757020.44,16.82,1,21
